{
	"thermopile": {
		"polynomialCoefficients": [
			24.277,
		  	22.436,
		  	-7.115,
		  	2.4527,
		  	1.0412,
		  	-1.1546,
		  	0.37805,
		  	-0.05525,
		  	0.0030709
		]
	},

	"thermistor": {
		"beta": 3811,
		"r0": 30000
	}
}